node1,node2,startLat,startLon,endLat,endLon,endNodeL,startNodeL,startYear,endYear,greatCircleDist_km,treeID
1,2,39.0184817353201,-78.5997592612643,38.8053748504571,-79.7444261401734,11.75,0,1972,1983.75,101.951723161222,-9999
1,3,39.0184817353201,-78.5997592612643,40.2294017444061,-76.9905452633369,10.8333333333333,0,1972,1982.83333333333,192.897375085306,-9999
3,4,40.2294017444061,-76.9905452633369,40.2725571829498,-77.2397997451031,12,10.8333333333333,1982.83333333333,1984,21.7159278369107,-9999
4,9,40.2725571829498,-77.2397997451031,40.0965537916591,-77.7518551788542,12.1666666666667,12,1984,1984.16666666667,47.7539065182285,-9999
2,7,38.8053748504571,-79.7444261401734,38.7226035900298,-80.122188317229,12.6666666666667,11.75,1983.75,1984.66666666667,34.0608214975539,-9999
4,8,40.2725571829498,-77.2397997451031,39.8776720152763,-78.0023814561428,13,12,1984,1985,78.4366027237949,-9999
3,5,40.2294017444061,-76.9905452633369,40.8454047138067,-78.3165883229685,14.3333333333333,10.8333333333333,1982.83333333333,1986.33333333333,131.485081130675,-9999
2,6,38.8053748504571,-79.7444261401734,39.9504496543062,-79.3052731184842,16,11.75,1983.75,1988,132.956998010773,-9999
