node1,node2,startLat,startLon,endLat,endLon,endNodeL,startNodeL,startYear,endYear,greatCircleDist_km,treeID
1,2,39.0184817353201,-78.5997592612643,39.5159120778913,-78.9526252652232,7.58333333333326,0,1972,1979.58333333333,63.1774611338429,-9999
1,3,39.0184817353201,-78.5997592612643,39.3072701982747,-78.8201046026784,3.83333333333326,0,1972,1975.83333333333,37.3535632568951,-9999
2,6,39.5159120778913,-78.9526252652232,39.9667146607458,-78.7379188073812,9.66666666666674,7.58333333333326,1979.58333333333,1981.66666666667,53.4446478212546,-9999
3,4,39.3072701982747,-78.8201046026784,39.1113337923495,-78.8098376017284,10.3333333333333,3.83333333333326,1975.83333333333,1982.33333333333,21.8303704608698,-9999
6,9,39.9667146607458,-78.7379188073812,39.2783397316548,-78.3177105957473,11.8333333333333,9.66666666666674,1981.66666666667,1983.83333333333,84.6807179924553,-9999
3,5,39.3072701982747,-78.8201046026784,40.2154860423787,-79.5700359513865,11.9166666666667,3.83333333333326,1975.83333333333,1983.91666666667,119.752911749021,-9999
2,7,39.5159120778913,-78.9526252652232,39.2996256923317,-78.333009005694,12.5,7.58333333333326,1979.58333333333,1984.5,58.4821084992629,-9999
6,8,39.9667146607458,-78.7379188073812,40.1481960609943,-79.4533217456218,21.4166666666667,9.66666666666674,1981.66666666667,1993.41666666667,64.2180467140189,-9999
